{
  "games": [
    {
      "id": 1,
      "title": "Beholder: Conductor",
      "image": "./assets/images/games/1.jpg",
      "price": 14.99,
      "genre": "Strategy",
      "platform": "PC",
      "releaseDate": "2023-11-15",
      "publisher": "Alawar Premium",
      "description": "Assume the role of a train conductor in a dystopian state where surveillance and moral choices determine the fate of your passengers. Will you follow orders or forge your own path?"
    },
    {
      "id": 2,
      "title": "Elden Ring",
      "image": "./assets/images/games/2.jpg",
      "price": 59.99,
      "genre": "RPG",
      "platform": "PC",
      "releaseDate": "2022-02-25",
      "publisher": "Bandai Namco",
      "description": "An action RPG developed by FromSoftware and written by George R. R. Martin. Explore a vast open world filled with danger, discovery, and challenging combat."
    },
    {
      "id": 3,
      "title": "Ready or Not",
      "image": "./assets/images/games/3.jpg",
      "price": 39.99,
      "genre": "Action",
      "platform": "PC",
      "releaseDate": "2021-12-17",
      "publisher": "VOID Interactive",
      "description": "An intense, tactical first-person shooter that places you in the boots of an elite SWAT team, tasked with defusing hostile situations in a modern America."
    },
    {
      "id": 4,
      "title": "TransOcean 2: Rivals",
      "image": "./assets/images/games/4.jpg",
      "price": 24.99,
      "genre": "Simulation",
      "platform": "PC",
      "releaseDate": "2016-08-11",
      "publisher": "astragon Entertainment",
      "description": "Build your shipping empire and compete against rival companies in this detailed business simulation. Manage your fleet, establish routes, and dominate the global shipping industry."
    },
    {
      "id": 5,
      "title": "7 Days to Die",
      "image": "./assets/images/games/5.jpg",
      "price": 24.99,
      "genre": "Survival",
      "platform": "PC",
      "releaseDate": "2013-12-13",
      "publisher": "The Fun Pimps",
      "description": "A unique combination of first-person shooter, survival horror, tower defense, and role-playing games. Set in a brutally unforgiving post-apocalyptic world overrun by zombies."
    },
    {
      "id": 6,
      "title": "Punch Club",
      "image": "./assets/images/games/6.jpg",
      "price": 9.99,
      "genre": "Simulation",
      "platform": "PC",
      "releaseDate": "2016-01-08",
      "publisher": "tinyBuild",
      "description": "A boxing management sim with RPG elements. Train your fighter, manage your career, and uncover the mystery behind your father's murder while rising through the ranks."
    },
    {
      "id": 7,
      "title": "Detroit: Become Human",
      "image": "./assets/images/games/7.jpg",
      "price": 39.99,
      "genre": "Adventure",
      "platform": "PC",
      "releaseDate": "2020-06-18",
      "publisher": "Quantic Dream",
      "description": "An interactive drama where your choices determine the fate of three androids in a near-future Detroit. Explore themes of artificial intelligence, consciousness, and what it means to be human."
    },
    {
      "id": 8,
      "title": "Just Cause 2",
      "image": "./assets/images/games/8.jpg",
      "price": 14.99,
      "genre": "Action",
      "platform": "PC",
      "releaseDate": "2010-03-23",
      "publisher": "Square Enix",
      "description": "An open-world action game set on a fictional Southeast Asian island. Use your grappling hook and parachute to traverse the landscape and cause chaos in this explosive adventure."
    },
    {
      "id": 9,
      "title": "Total War: Attila - Tyrants and Kings",
      "image": "./assets/images/games/9.jpg",
      "price": 44.99,
      "genre": "Strategy",
      "platform": "PC",
      "releaseDate": "2015-02-17",
      "publisher": "SEGA",
      "description": "A strategy game focusing on the Dark Ages, where players must survive the apocalyptic conditions brought by the Hunnic invasion. Includes all DLC in this definitive edition."
    },
    {
      "id": 10,
      "title": "The Elder Scrolls IV: Oblivion Remastered",
      "image": "./assets/images/games/10.jpg",
      "price": 29.99,
      "genre": "RPG",
      "platform": "PC",
      "releaseDate": "2023-09-29",
      "publisher": "Bethesda Softworks",
      "description": "The remastered version of the classic RPG with enhanced graphics, improved performance, and all official expansions. Explore the province of Cyrodiil and save the Empire from the forces of Oblivion."
    },
    {
      "id": 11,
      "title": "Paint the Town Red",
      "image": "./assets/images/games/11.jpg",
      "price": 19.99,
      "genre": "Action",
      "platform": "PC",
      "releaseDate": "2021-07-29",
      "publisher": "South East Games",
      "description": "A chaotic first-person melee combat game set across different time periods. Features voxel-based characters and environments that can be completely destroyed in bloody combat."
    },
    {
      "id": 12,
      "title": "Outlast 2",
      "image": "./assets/images/games/12.jpg",
      "price": 29.99,
      "genre": "Horror",
      "platform": "PC",
      "releaseDate": "2017-04-25",
      "publisher": "Red Barrels",
      "description": "A first-person psychological horror experience. As an investigative journalist, you find yourself stranded in a deranged cult's territory with nothing but your camera to document the horrors you encounter."
    }
  ]
}
