{
  "products": [
    {
      "id": 1,
      "photo": "./img/product-card/card-1.jpg",
      "title": "Elden Ring",
      "price": "59.99",
      "description": "Explore the vast Lands Between in this open-world action RPG by FromSoftware. Battle legendary foes and uncover deep lore in a brutal fantasy setting.",
      "button": "in cart",
      "specs": {
        "Genre": "Action RPG",
        "Platform": "PC",
        "Release Date": "2022-02-25",
        "Developer": "FromSoftware",
        "Publisher": "Bandai Namco",
        "OS": "Windows 10",
        "Processor": "Intel Core i7-8700K / AMD Ryzen 5 3600X",
        "Memory": "16 GB RAM",
        "Graphics": "NVIDIA GeForce GTX 1070 / AMD Radeon RX Vega 56",
        "Storage": "60 GB available space"
      }
    },
    {
      "id": 2,
      "photo": "./img/product-card/card-2.jpg",
      "title": "Cyberpunk 2077",
      "price": "29.99",
      "description": "Step into the neon-lit streets of Night City as V, a mercenary seeking immortality. Customize your cyberware and carve your path in a dystopian future.",
      "button": "in cart",
      "specs": {
        "Genre": "Action RPG",
        "Platform": "PC",
        "Release Date": "2020-12-10",
        "Developer": "CD Projekt Red",
        "Publisher": "CD Projekt",
        "OS": "Windows 10",
        "Processor": "Intel Core i7-4790 / AMD Ryzen 3 3200G",
        "Memory": "12 GB RAM",
        "Graphics": "GTX 1060 6GB / GTX 1660 Super",
        "Storage": "70 GB available space"
      }
    },
    {
      "id": 3,
      "photo": "./img/product-card/card-3.jpg",
      "title": "Minecraft",
      "price": "26.95",
      "description": "The ultimate sandbox game. Build, explore, and survive in a blocky, procedurally generated world. Endless creativity and adventure await.",
      "button": "in cart",
      "specs": {
        "Genre": "Sandbox / Survival",
        "Platform": "PC",
        "Release Date": "2011-11-18",
        "Developer": "Mojang",
        "Publisher": "Mojang",
        "OS": "Windows 10",
        "Processor": "Intel Core i3-3210",
        "Memory": "4 GB RAM",
        "Graphics": "Intel HD Graphics 4000",
        "Storage": "1 GB available space"
      }
    },
    {
      "id": 4,
      "photo": "./img/product-card/card-4.jpg",
      "title": "Red Dead Redemption 2",
      "price": "39.99",
      "description": "Live the life of an outlaw in this epic tale of honor and betrayal set in the fading American frontier. Stunning visuals and a gripping story.",
      "button": "in cart",
      "specs": {
        "Genre": "Action / Adventure",
        "Platform": "PC",
        "Release Date": "2019-11-05",
        "Developer": "Rockstar Games",
        "Publisher": "Rockstar Games",
        "OS": "Windows 10",
        "Processor": "Intel Core i7-4770K / AMD Ryzen 5 1500X",
        "Memory": "12 GB RAM",
        "Graphics": "NVIDIA GeForce GTX 1060 6GB / AMD Radeon RX 480 4GB",
        "Storage": "150 GB available space"
      }
    },
    {
      "id": 5,
      "photo": "./img/product-card/card-5.jpg",
      "title": "Grand Theft Auto V",
      "price": "19.99",
      "description": "Experience freedom in the city of Los Santos. Pull off heists, race through the streets, or just cause chaos. Includes GTA Online access.",
      "button": "in cart",
      "specs": {
        "Genre": "Action / Open World",
        "Platform": "PC",
        "Release Date": "2015-04-14",
        "Developer": "Rockstar North",
        "Publisher": "Rockstar Games",
        "OS": "Windows 10",
        "Processor": "Intel Core i5 3470 / AMD X8 FX-8350",
        "Memory": "8 GB RAM",
        "Graphics": "NVIDIA GTX 660 2GB / AMD HD7870 2GB",
        "Storage": "72 GB available space"
      }
    },
    {
      "id": 6,
      "photo": "./img/product-card/card-6.jpg",
      "title": "The Witcher 3: Wild Hunt",
      "price": "19.99",
      "description": "Play as Geralt of Rivia, a monster hunter in a morally complex world. Deep quests, beautiful environments, and unforgettable characters.",
      "button": "in cart",
      "specs": {
        "Genre": "RPG",
        "Platform": "PC",
        "Release Date": "2015-05-18",
        "Developer": "CD Projekt Red",
        "Publisher": "CD Projekt",
        "OS": "Windows 10",
        "Processor": "Intel Core i5-2500K / AMD Phenom II X4 940",
        "Memory": "6 GB RAM",
        "Graphics": "NVIDIA GeForce GTX 660 / AMD Radeon HD 7870",
        "Storage": "50 GB available space"
      }
    },
    {
      "id": 7,
      "photo": "./img/product-card/card-7.jpg",
      "title": "Hogwarts Legacy",
      "price": "49.99",
      "description": "Become a student at Hogwarts in the 1800s and master powerful spells, explore magical locations, and uncover ancient secrets.",
      "button": "in cart",
      "specs": {
        "Genre": "Action",
        "Platform": "PC",
        "Release Date": "2020-09-20",
        "Developer": "Ubisoft",
        "Publisher": "Microsoft",
        "OS": "Windows 10",
        "Processor": "Intel Core i5",
        "Memory": "16 GB RAM",
        "Graphics": "GTX 1660",
        "Storage": "50 GB available space"
      }
    },
    {
      "id": 8,
      "photo": "./img/product-card/card-8.jpg",
      "title": "Baldur's Gate 3",
      "price": "59.99",
      "description": "A next-generation RPG set in the Dungeons & Dragons universe. Gather your party and shape the fate of the Forgotten Realms.",
      "button": "in cart",
      "specs": {
        "Genre": "Action",
        "Platform": "PC",
        "Release Date": "2020-09-20",
        "Developer": "Ubisoft",
        "Publisher": "Microsoft",
        "OS": "Windows 10",
        "Processor": "Intel Core i5",
        "Memory": "16 GB RAM",
        "Graphics": "GTX 1660",
        "Storage": "50 GB available space"
      }
    },
    {
      "id": 9,
      "photo": "./img/product-card/card-9.jpg",
      "title": "Starfield",
      "price": "69.99",
      "description": "From the creators of Skyrim and Fallout comes a space exploration RPG. Customize your ship, explore galaxies, and define your destiny.",
      "button": "in cart",
      "specs": {
        "Genre": "Action",
        "Platform": "PC",
        "Release Date": "2020-09-20",
        "Developer": "Ubisoft",
        "Publisher": "Microsoft",
        "OS": "Windows 10",
        "Processor": "Intel Core i5",
        "Memory": "16 GB RAM",
        "Graphics": "GTX 1660",
        "Storage": "50 GB available space"
      }
    },
    {
      "id": 10,
      "photo": "./img/product-card/card-10.jpg",
      "title": "Call of Duty: Modern Warfare II",
      "price": "69.99",
      "description": "The legendary FPS returns with intense single-player missions and competitive multiplayer. Join Task Force 141 for global ops.",
      "button": "in cart",
      "specs": {
        "Genre": "First-Person Shooter",
        "Platform": "PC",
        "Release Date": "2022-10-28",
        "Developer": "Infinity Ward",
        "Publisher": "Activision",
        "OS": "Windows 10",
        "Processor": "Intel Core i3-6100 / AMD Ryzen 3 1200",
        "Memory": "8 GB RAM",
        "Graphics": "NVIDIA GeForce GTX 960 / AMD Radeon RX 470",
        "Storage": "72 GB available space"
      }
    },
    {
      "id": 11,
      "photo": "./img/product-card/card-11.jpg",
      "title": "Assassin’s Creed Valhalla",
      "price": "29.99",
      "description": "Become Eivor, a legendary Viking warrior, as you raid your enemies, grow your settlement, and build your political power.",
      "button": "in cart",
      "specs": {
        "Genre": "Action RPG",
        "Platform": "PC",
        "Release Date": "2020-11-10",
        "Developer": "Ubisoft Montreal",
        "Publisher": "Ubisoft",
        "OS": "Windows 10",
        "Processor": "Intel Core i7-6700 / AMD Ryzen 7 1700",
        "Memory": "8 GB RAM",
        "Graphics": "NVIDIA GeForce GTX 1080 / AMD RX 5700 XT",
        "Storage": "50 GB available space"
      }
    },
    {
      "id": 12,
      "photo": "./img/product-card/card-12.jpg",
      "title": "God of War",
      "price": "39.99",
      "description": "Join Kratos and Atreus on a journey through Norse mythology in this award-winning action-adventure with deep story and combat.",
      "button": "in cart",
      "specs": {
        "Genre": "Action / Adventure",
        "Platform": "PC",
        "Release Date": "2022-01-14",
        "Developer": "Santa Monica Studio",
        "Publisher": "PlayStation PC LLC",
        "OS": "Windows 10",
        "Processor": "Intel i5-6600k / AMD Ryzen 5 2400 G",
        "Memory": "8 GB RAM",
        "Graphics": "NVIDIA GTX 960 / AMD R9 290X",
        "Storage": "70 GB available space"
      }
    },
    {
      "id": 13,
      "photo": "./img/product-card/card-13.jpg",
      "title": "Doom Eternal",
      "price": "19.99",
      "description": "Become the Doom Slayer and rip through hordes of demons in this fast-paced, high-intensity first-person shooter.",
      "button": "in cart",
      "specs": {
        "Genre": "First-Person Shooter",
        "Platform": "PC",
        "Release Date": "2020-03-20",
        "Developer": "id Software",
        "Publisher": "Bethesda Softworks",
        "OS": "Windows 10",
        "Processor": "Intel Core i5-4430 / AMD Ryzen 3 1200",
        "Memory": "8 GB RAM",
        "Graphics": "NVIDIA GTX 1050Ti / AMD RX 470",
        "Storage": "50 GB available space"
      }
    },
    {
      "id": 14,
      "photo": "./img/product-card/card-14.jpg",
      "title": "Resident Evil Village",
      "price": "39.99",
      "description": "Uncover dark secrets and survive horrifying threats in this chilling continuation of the Resident Evil saga.",
      "button": "in cart",
      "specs": {
        "Genre": "Horror / Survival",
        "Platform": "PC",
        "Release Date": "2021-05-07",
        "Developer": "Capcom",
        "Publisher": "Capcom",
        "OS": "Windows 10",
        "Processor": "Intel Core i5-7500 / AMD Ryzen 3 1200",
        "Memory": "8 GB RAM",
        "Graphics": "NVIDIA GTX 1050 Ti / AMD Radeon RX 560",
        "Storage": "28 GB available space"
      }
    },
    {
      "id": 15,
      "photo": "./img/product-card/card-15.jpg",
      "title": "Forza Horizon 5",
      "price": "59.99",
      "description": "Race through the beautiful and diverse open world of Mexico in this high-octane driving simulator with stunning graphics.",
      "button": "in cart",
      "specs": {
        "Genre": "Racing / Simulation",
        "Platform": "PC",
        "Release Date": "2021-11-09",
        "Developer": "Playground Games",
        "Publisher": "Xbox Game Studios",
        "OS": "Windows 10",
        "Processor": "Intel i5-4460 / AMD Ryzen 3 1200",
        "Memory": "8 GB RAM",
        "Graphics": "NVIDIA GTX 970 / AMD RX 470",
        "Storage": "110 GB available space"
      }
    },
    {
      "id": 16,
      "photo": "./img/product-card/card-16.jpg",
      "title": "Horizon Zero Dawn",
      "price": "29.99",
      "description": "Embark on a journey as Aloy to discover her destiny in a world dominated by robotic beasts and ancient mysteries.",
      "button": "in cart",
      "specs": {
        "Genre": "Action RPG",
        "Platform": "PC",
        "Release Date": "2020-08-07",
        "Developer": "Guerrilla Games",
        "Publisher": "PlayStation PC LLC",
        "OS": "Windows 10",
        "Processor": "Intel Core i5-2500K / AMD FX 6300",
        "Memory": "8 GB RAM",
        "Graphics": "NVIDIA GTX 780 / AMD Radeon R9 290",
        "Storage": "100 GB available space"
      }
    },
    {
      "id": 17,
      "photo": "./img/product-card/card-17.jpg",
      "title": "Far Cry 6",
      "price": "34.99",
      "description": "Fight for freedom against a ruthless dictator in a massive open-world tropical paradise filled with chaos and revolution.",
      "button": "in cart",
      "specs": {
        "Genre": "Action / Adventure",
        "Platform": "PC",
        "Release Date": "2021-10-07",
        "Developer": "Ubisoft Toronto",
        "Publisher": "Ubisoft",
        "OS": "Windows 10",
        "Processor": "AMD Ryzen 3 1200 / Intel i5-4460",
        "Memory": "8 GB RAM",
        "Graphics": "AMD RX 460 / NVIDIA GTX 960",
        "Storage": "60 GB available space"
      }
    },
    {
      "id": 18,
      "photo": "./img/product-card/card-18.jpg",
      "title": "Death Stranding",
      "price": "29.99",
      "description": "Reconnect a shattered world as Sam Porter Bridges in this genre-defying adventure from legendary game creator Hideo Kojima.",
      "button": "in cart",
      "specs": {
        "Genre": "Action / Strand",
        "Platform": "PC",
        "Release Date": "2020-07-14",
        "Developer": "Kojima Productions",
        "Publisher": "505 Games",
        "OS": "Windows 10",
        "Processor": "Intel Core i5-3470 / AMD Ryzen 3 1200",
        "Memory": "8 GB RAM",
        "Graphics": "NVIDIA GeForce GTX 1050 / AMD Radeon RX 560",
        "Storage": "80 GB available space"
      }
    },
    {
      "id": 19,
      "photo": "./img/product-card/card-19.jpg",
      "title": "Metro Exodus",
      "price": "19.99",
      "description": "Escape the ruins of Moscow and journey across post-apocalyptic Russia in this survival FPS with immersive storytelling.",
      "button": "in cart",
      "specs": {
        "Genre": "FPS / Survival",
        "Platform": "PC",
        "Release Date": "2019-02-15",
        "Developer": "4A Games",
        "Publisher": "Deep Silver",
        "OS": "Windows 10",
        "Processor": "Intel Core i5-4440 / AMD FX-6300",
        "Memory": "8 GB RAM",
        "Graphics": "GeForce GTX 670 / AMD Radeon HD 7870",
        "Storage": "59 GB available space"
      }
    },
    {
      "id": 20,
      "photo": "./img/product-card/card-20.jpg",
      "title": "Hitman 3",
      "price": "29.99",
      "description": "Step into the shoes of Agent 47 and carry out globe-trotting assassinations across highly detailed sandbox locations in the dramatic conclusion to the World of Assassination trilogy.",
      "button": "in cart",
      "specs": {
        "Genre": "Stealth / Action",
        "Platform": "PC",
        "Release Date": "2021-01-20",
        "Developer": "IO Interactive",
        "Publisher": "IO Interactive",
        "OS": "Windows 10",
        "Processor": "Intel Core i5-2500K / AMD Phenom II X4 940",
        "Memory": "8 GB RAM",
        "Graphics": "NVIDIA GeForce GTX 660 / Radeon HD 7870",
        "Storage": "80 GB available space"
      }
    },
    {
      "id": 21,
      "photo": "./img/product-card/card-21.jpg",
      "title": "Diablo IV",
      "price": "69.99",
      "description": "Descend into hell in Blizzard's dark, gritty action RPG. Choose your class, fight endless demonic hordes, and explore the vast open world of Sanctuary in this legendary franchise's return.",
      "button": "in cart",
      "specs": {
        "Genre": "Action RPG",
        "Platform": "PC",
        "Release Date": "2023-06-05",
        "Developer": "Blizzard Entertainment",
        "Publisher": "Blizzard Entertainment",
        "OS": "Windows 10",
        "Processor": "Intel Core i5-2500K / AMD FX-8350",
        "Memory": "16 GB RAM",
        "Graphics": "NVIDIA GeForce GTX 970 / AMD Radeon RX 470",
        "Storage": "90 GB available space"
      }
    }
  ]
}
